{
  "_": {
    "user": "anon",
    "project": "covid-19",
    "tx": 12382,
    "universe": "yolo",
    "latency": "1957 us",
    "runtime": {
      "filter": {
        "time": 31,
        "rows": 12381,
        "n_filters": 2,
        "breakdown": [
          8,
          13
        ]
      },
      "group_by": {
        "time": 55,
        "groups": 55,
        "rows": 12381
      },
      "having": {
        "time": 1,
        "ungroup": 0,
        "groups": 55,
        "rows": 12381
      },
      "aggregate": {
        "pre_having": 1,
        "pre_sort": 188,
        "post_sort": 1329,
        "n_aggregates": 5,
        "breakdown": [
          118,
          1148,
          16,
          62,
          29
        ]
      },
      "sort": {
        "time": 10,
        "groups": 55,
        "rows": 12381
      },
      "render": {
        "time": 146
      },
      "set": {
        "time": 1
      },
      "merge": {
        "time": 1
      },
      "ungrouped": {
        "time": 1,
        "having": 1,
        "subqueries": []
      },
      "total_time": 1617,
      "toplevel": {
        "parse_end": 22,
        "execute_begin": 23,
        "execute_end": 1674,
        "print_begin": 1675,
        "print_end": 1823
      }
    },
    "navigation": []
  },
  "response": {
    "version": "1.2.0",
    "seq": 1,
    "encoding": "rle",
    "columns": [
      [
        "sum(cases)",
        "none"
      ],
      [
        "distribution(county)",
        "none"
      ],
      [
        "sum(deaths)",
        "none"
      ],
      [
        "bin(timestamp)",
        "unix_timestamp"
      ],
      [
        "range(timestamp)",
        "unix_timestamp"
      ]
    ],
    "factors_desc": [
      {
        "name": "state",
        "format": "none",
        "type": "dictionary"
      }
    ],
    "columns_desc": [
      {
        "name": "cases",
        "format": "none",
        "type": "uint32",
        "op": "sum"
      },
      {
        "name": "county",
        "format": "none",
        "type": "dictionary",
        "op": "distribution"
      },
      {
        "name": "deaths",
        "format": "none",
        "type": "uint32",
        "op": "sum"
      },
      {
        "name": "timestamp",
        "format": "unix_timestamp",
        "type": "uint64",
        "op": "bin"
      },
      {
        "name": "timestamp",
        "format": "unix_timestamp",
        "type": "uint64",
        "op": "range"
      }
    ],
    "pagination": {
      "limit": 20,
      "offset": 0
    },
    "values": [
      [
        "New York",
        [
          [
            123989
          ],
          [
            {
              "keys": 53,
              "tail": 451,
              "vals": [
                [
                  "New York City",
                  25
                ],
                [
                  "Westchester",
                  22
                ],
                [
                  "Nassau",
                  21
                ]
              ]
            }
          ],
          [
            1065
          ],
          [
            [
              1582699902,
              1583688103,
              24
            ],
            [
              1583688103,
              1584676304,
              253
            ],
            [
              1584676304,
              1585664505,
              242
            ]
          ],
          [
            1583020800,
            1585094400
          ]
        ],
        519
      ],
      [
        "Washington",
        [
          [
            19563
          ],
          [
            {
              "keys": 33,
              "tail": 357,
              "vals": [
                [
                  "Snohomish",
                  66
                ],
                [
                  "Spokane",
                  31
                ],
                [
                  "King",
                  27
                ]
              ]
            }
          ],
          [
            1200
          ],
          [
            [
              1578747098,
              1579735299,
              3
            ],
            [
              1579735299,
              1580723500,
              12
            ],
            [
              1580723500,
              1581711701,
              11
            ],
            [
              1581711701,
              1582699902,
              15
            ],
            [
              1582699902,
              1583688103,
              56
            ],
            [
              1583688103,
              1584676304,
              232
            ],
            [
              1584676304,
              1585664505,
              152
            ]
          ],
          [
            1579564800,
            1585094400
          ]
        ],
        481
      ],
      [
        "California",
        [
          [
            18843
          ],
          [
            {
              "keys": 45,
              "tail": 682,
              "vals": [
                [
                  "Orange",
                  61
                ],
                [
                  "Los Angeles",
                  60
                ],
                [
                  "Santa Clara",
                  55
                ]
              ]
            }
          ],
          [
            341
          ],
          [
            [
              1579735299,
              1580723500,
              25
            ],
            [
              1580723500,
              1581711701,
              49
            ],
            [
              1581711701,
              1582699902,
              79
            ],
            [
              1582699902,
              1583688103,
              160
            ],
            [
              1583688103,
              1584676304,
              338
            ],
            [
              1584676304,
              1585664505,
              207
            ]
          ],
          [
            1579910400,
            1585094400
          ]
        ],
        858
      ],
      [
        "New Jersey",
        [
          [
            16991
          ],
          [
            {
              "keys": 22,
              "tail": 219,
              "vals": [
                [
                  "Bergen",
                  22
                ],
                [
                  "Camden",
                  20
                ],
                [
                  "Passaic",
                  18
                ]
              ]
            }
          ],
          [
            222
          ],
          [
            [
              1582699902,
              1583688103,
              9
            ],
            [
              1583688103,
              1584676304,
              161
            ],
            [
              1584676304,
              1585664505,
              109
            ]
          ],
          [
            1583280000,
            1585094400
          ]
        ],
        279
      ],
      [
        "Illinois",
        [
          [
            8560
          ],
          [
            {
              "keys": 37,
              "tail": 239,
              "vals": [
                [
                  "Cook",
                  62
                ],
                [
                  "McHenry",
                  16
                ],
                [
                  "Kane",
                  16
                ]
              ]
            }
          ],
          [
            73
          ],
          [
            [
              1579735299,
              1580723500,
              11
            ],
            [
              1580723500,
              1581711701,
              11
            ],
            [
              1581711701,
              1582699902,
              12
            ],
            [
              1582699902,
              1583688103,
              11
            ],
            [
              1583688103,
              1584676304,
              131
            ],
            [
              1584676304,
              1585664505,
              157
            ]
          ],
          [
            1579824000,
            1585094400
          ]
        ],
        333
      ],
      [
        "Florida",
        [
          [
            8494
          ],
          [
            {
              "keys": 47,
              "tail": 467,
              "vals": [
                [
                  "Manatee",
                  25
                ],
                [
                  "Hillsborough",
                  25
                ],
                [
                  "Santa Rosa",
                  21
                ]
              ]
            }
          ],
          [
            140
          ],
          [
            [
              1582699902,
              1583688103,
              32
            ],
            [
              1583688103,
              1584676304,
              280
            ],
            [
              1584676304,
              1585664505,
              226
            ]
          ],
          [
            1583020800,
            1585094400
          ]
        ],
        538
      ],
      [
        "Michigan",
        [
          [
            8421
          ],
          [
            {
              "keys": 47,
              "tail": 268,
              "vals": [
                [
                  "Oakland",
                  16
                ],
                [
                  "Wayne",
                  16
                ],
                [
                  "St. Clair",
                  14
                ]
              ]
            }
          ],
          [
            106
          ],
          [
            [
              1583688103,
              1584676304,
              130
            ],
            [
              1584676304,
              1585664505,
              184
            ]
          ],
          [
            1583798400,
            1585094400
          ]
        ],
        314
      ],
      [
        "Louisiana",
        [
          [
            7752
          ],
          [
            {
              "keys": 49,
              "tail": 287,
              "vals": [
                [
                  "Jefferson",
                  17
                ],
                [
                  "Orleans",
                  16
                ],
                [
                  "Caddo",
                  15
                ]
              ]
            }
          ],
          [
            219
          ],
          [
            [
              1583688103,
              1584676304,
              126
            ],
            [
              1584676304,
              1585664505,
              209
            ]
          ],
          [
            1583712000,
            1585094400
          ]
        ],
        335
      ],
      [
        "Massachusetts",
        [
          [
            7206
          ],
          [
            {
              "keys": 15,
              "tail": 130,
              "vals": [
                [
                  "Suffolk",
                  54
                ],
                [
                  "Norfolk",
                  24
                ],
                [
                  "Middlesex",
                  21
                ]
              ]
            }
          ],
          [
            39
          ],
          [
            [
              1579735299,
              1580723500,
              3
            ],
            [
              1580723500,
              1581711701,
              11
            ],
            [
              1581711701,
              1582699902,
              12
            ],
            [
              1582699902,
              1583688103,
              25
            ],
            [
              1583688103,
              1584676304,
              107
            ],
            [
              1584676304,
              1585664505,
              71
            ]
          ],
          [
            1580515200,
            1585094400
          ]
        ],
        229
      ],
      [
        "Georgia",
        [
          [
            6013
          ],
          [
            {
              "keys": 99,
              "tail": 582,
              "vals": [
                [
                  "Fulton",
                  24
                ],
                [
                  "Polk",
                  20
                ],
                [
                  "Cobb",
                  19
                ]
              ]
            }
          ],
          [
            189
          ],
          [
            [
              1582699902,
              1583688103,
              15
            ],
            [
              1583688103,
              1584676304,
              252
            ],
            [
              1584676304,
              1585664505,
              378
            ]
          ],
          [
            1583107200,
            1585094400
          ]
        ],
        645
      ],
      [
        "Colorado",
        [
          [
            5442
          ],
          [
            {
              "keys": 37,
              "tail": 306,
              "vals": [
                [
                  "Jefferson",
                  21
                ],
                [
                  "Douglas",
                  21
                ],
                [
                  "El Paso",
                  20
                ]
              ]
            }
          ],
          [
            79
          ],
          [
            [
              1582699902,
              1583688103,
              17
            ],
            [
              1583688103,
              1584676304,
              186
            ],
            [
              1584676304,
              1585664505,
              165
            ]
          ],
          [
            1583366400,
            1585094400
          ]
        ],
        368
      ],
      [
        "Texas",
        [
          [
            5416
          ],
          [
            {
              "keys": 85,
              "tail": 430,
              "vals": [
                [
                  "Bexar",
                  43
                ],
                [
                  "Fort Bend",
                  22
                ],
                [
                  "Harris",
                  21
                ]
              ]
            }
          ],
          [
            55
          ],
          [
            [
              1580723500,
              1581711701,
              3
            ],
            [
              1581711701,
              1582699902,
              12
            ],
            [
              1582699902,
              1583688103,
              20
            ],
            [
              1583688103,
              1584676304,
              209
            ],
            [
              1584676304,
              1585664505,
              272
            ]
          ],
          [
            1581465600,
            1585094400
          ]
        ],
        516
      ],
      [
        "Pennsylvania",
        [
          [
            4543
          ],
          [
            {
              "keys": 44,
              "tail": 284,
              "vals": [
                [
                  "Wayne",
                  20
                ],
                [
                  "Delaware",
                  20
                ],
                [
                  "Montgomery",
                  19
                ]
              ]
            }
          ],
          [
            34
          ],
          [
            [
              1582699902,
              1583688103,
              8
            ],
            [
              1583688103,
              1584676304,
              156
            ],
            [
              1584676304,
              1585664505,
              179
            ]
          ],
          [
            1583452800,
            1585094400
          ]
        ],
        343
      ],
      [
        "Tennessee",
        [
          [
            3604
          ],
          [
            {
              "keys": 54,
              "tail": 291,
              "vals": [
                [
                  "Williamson",
                  21
                ],
                [
                  "Shelby",
                  18
                ],
                [
                  "Davidson",
                  18
                ]
              ]
            }
          ],
          [
            11
          ],
          [
            [
              1582699902,
              1583688103,
              6
            ],
            [
              1583688103,
              1584676304,
              121
            ],
            [
              1584676304,
              1585664505,
              221
            ]
          ],
          [
            1583366400,
            1585094400
          ]
        ],
        348
      ],
      [
        "Connecticut",
        [
          [
            3087
          ],
          [
            {
              "keys": 8,
              "tail": 40,
              "vals": [
                [
                  "Fairfield",
                  18
                ],
                [
                  "Litchfield",
                  14
                ],
                [
                  "Hartford",
                  12
                ]
              ]
            }
          ],
          [
            63
          ],
          [
            [
              1582699902,
              1583688103,
              1
            ],
            [
              1583688103,
              1584676304,
              43
            ],
            [
              1584676304,
              1585664505,
              40
            ]
          ],
          [
            1583625600,
            1585094400
          ]
        ],
        84
      ],
      [
        "Wisconsin",
        [
          [
            2912
          ],
          [
            {
              "keys": 34,
              "tail": 223,
              "vals": [
                [
                  "Dane",
                  50
                ],
                [
                  "Pierce",
                  17
                ],
                [
                  "Waukesha",
                  15
                ]
              ]
            }
          ],
          [
            30
          ],
          [
            [
              1580723500,
              1581711701,
              10
            ],
            [
              1581711701,
              1582699902,
              12
            ],
            [
              1582699902,
              1583688103,
              11
            ],
            [
              1583688103,
              1584676304,
              120
            ],
            [
              1584676304,
              1585664505,
              152
            ]
          ],
          [
            1580860800,
            1585094400
          ]
        ],
        305
      ],
      [
        "Ohio",
        [
          [
            2900
          ],
          [
            {
              "keys": 55,
              "tail": 308,
              "vals": [
                [
                  "Cuyahoga",
                  17
                ],
                [
                  "Stark",
                  15
                ],
                [
                  "Trumbull",
                  14
                ]
              ]
            }
          ],
          [
            32
          ],
          [
            [
              1583688103,
              1584676304,
              132
            ],
            [
              1584676304,
              1585664505,
              222
            ]
          ],
          [
            1583712000,
            1585094400
          ]
        ],
        354
      ],
      [
        "North Carolina",
        [
          [
            2231
          ],
          [
            {
              "keys": 58,
              "tail": 327,
              "vals": [
                [
                  "Wake",
                  23
                ],
                [
                  "Chatham",
                  20
                ],
                [
                  "Onslow",
                  14
                ]
              ]
            }
          ],
          [
            1
          ],
          [
            [
              1582699902,
              1583688103,
              9
            ],
            [
              1583688103,
              1584676304,
              149
            ],
            [
              1584676304,
              1585664505,
              226
            ]
          ],
          [
            1583193600,
            1585094400
          ]
        ],
        384
      ],
      [
        "Maryland",
        [
          [
            2073
          ],
          [
            {
              "keys": 22,
              "tail": 145,
              "vals": [
                [
                  "Montgomery",
                  21
                ],
                [
                  "Harford",
                  18
                ],
                [
                  "Prince George's",
                  17
                ]
              ]
            }
          ],
          [
            21
          ],
          [
            [
              1582699902,
              1583688103,
              5
            ],
            [
              1583688103,
              1584676304,
              96
            ],
            [
              1584676304,
              1585664505,
              100
            ]
          ],
          [
            1583366400,
            1585094400
          ]
        ],
        201
      ],
      [
        "Nevada",
        [
          [
            1957
          ],
          [
            {
              "keys": 8,
              "tail": 24,
              "vals": [
                [
                  "Clark",
                  21
                ],
                [
                  "Washoe",
                  21
                ],
                [
                  "Carson City",
                  14
                ]
              ]
            }
          ],
          [
            30
          ],
          [
            [
              1582699902,
              1583688103,
              8
            ],
            [
              1583688103,
              1584676304,
              38
            ],
            [
              1584676304,
              1585664505,
              34
            ]
          ],
          [
            1583366400,
            1585094400
          ]
        ],
        80
      ]
    ],
    "cardinalities": {
      "initial": {
        "rows": 12381,
        "groups": 55
      },
      "having": {
        "rows": 12381,
        "groups": 55
      },
      "pagination": {
        "rows": 12381,
        "groups": 55
      }
    }
  }
}
